{
  "array": [JSONObject 199256131922817151119955640357
            Object Metas , lins = 1
            Object sun   , aqua = 1
            grade 1 = 147008
            grade 2 = 256009
            grade 3 =  77054
            grade 4 = 128066
            grade 5 = 132077
            onwrites
JSONObject
    1,meta 149 = 17887948063
    2,meta 255 = 187948012056
    3,lins 947 = ?
    486005147004368002327003360086667641280391283670571001
  ],
  "boolean": true,
  "color": "gold",
  "null": null, 1 2 3 4 5 6 7 8 9 onwrite
  "number": 123,
  "object": {
    "a": "b",
    "c": "d"
  },
  "string": "Hello World"
}

   x1 = 4 
   x2 = 36
   x3 = 78 
   x4 = 515
   x5 = 367004
   x6 = 3124
   x7 = 919
   919216949 ( equation obtained )
   
   1 3
                                         17 64 07 55 58 9

 
                                        
   /close
                                         
